X.1,X,date_time_samp,site,plot_num,treatment,exclosure,paired,longitude,latitude,man_long,man_lat,barcode,siteX,treatmentX,exclosureX,pairedX,plot,cluster,clusterBC,plotBC,factorial,Date,hour,minute,time,season,notes_cluster,number,year,CT1,CT2,CT3,CT4,Ct_detects,positive,cluster_pair
1,1,4/19/21 16:55,1,7,0,0,1,-119.6549475,35.08328973,NA,NA,AS07SN11,S,S,E,1,S07,S07SE1,S07SN1,S07,SE,4/19/21 16:55,16,55,16.91666667,Spring,NA,NA,NA,NA,NA,NA,NA,0,0,S701
2,2,4/19/21 17:05,1,7,1,0,1,-119.655221,35.06577047,NA,NA,AS07PE11,S,P,E,1,S07,S07PE1,S07PE1,S07,PE,4/19/21 17:05,17,5,17.08333333,Spring,NA,NA,NA,34.13,37.14,NA,NA,2,0,S701
3,3,4/19/21 11:10,1,8,1,0,1,-119.6802852,35.05927597,NA,NA,AS08PE11,S,P,E,1,S08,S08PE1,S08PE1,S08,PE,4/19/21 11:10,11,10,11.16666667,Spring,NA,NA,NA,NA,NA,NA,NA,0,0,S801
4,4,4/19/21 11:39,1,8,0,0,1,-119.6800302,35.0587963,NA,NA,AS08SE11,S,S,E,1,S08,S08SE1,S08SE1,S08,SE,4/19/21 11:39,11,39,11.65,Spring,NA,NA,NA,NA,NA,NA,NA,0,0,S801
6,6,4/19/21 14:38,1,10,0,0,1,-119.480762,34.98586131,NA,NA,AS10SE11,S,S,E,1,S10,S10SE1,S10SE1,S10,SE,4/19/21 14:38,14,38,14.63333333,Spring,NA,NA,NA,NA,NA,NA,NA,0,0,S1001
9,9,4/19/21 14:08,1,10,1,1,1,-119.6921527,35.06498,NA,NA,AS10PN11,S,P,N,1,S10,S10PN1,S10PN1,S10,PN,4/19/21 14:08,14,8,14.13333333,Spring,NA,NA,NA,NA,NA,NA,NA,0,0,S1011
10,10,4/19/21 14:26,1,10,0,1,1,-119.6921896,35.06494627,NA,NA,AS10SN11,S,S,N,1,S10,S10SN1,S10SN1,S10,SN,4/19/21 14:26,14,26,14.43333333,Spring,NA,NA,NA,NA,NA,NA,NA,0,0,S1011
11,11,4/19/21 12:34,1,9,1,1,1,-119.6857639,35.06167467,NA,NA,AS09PN11,S,P,N,1,S09,S09PN1,S09PN1,S09,PN,4/19/21 12:34,12,34,12.56666667,Spring,NA,NA,NA,34.56,33.96,35.83,34.64,4,1,S911
12,12,4/19/21 12:49,1,9,0,1,1,-119.6858767,35.06172396,NA,NA,AS09SN11,S,S,N,1,S09,S09SN1,S09SN1,S09,SN,4/19/21 12:49,12,49,12.81666667,Spring,NA,NA,NA,NA,NA,NA,NA,0,0,S911
13,13,4/19/21 12:59,1,9,1,0,1,-119.6859942,35.06130704,NA,NA,AS09PE11,S,P,E,1,S09,S09PE1,S09PE1,S09,PE,4/19/21 12:59,12,59,12.98333333,Spring,NA,NA,NA,NA,NA,NA,NA,0,0,S901
14,14,4/19/21 13:07,1,9,0,0,1,-119.6860301,35.06126718,NA,NA,AS09SE11,S,S,E,1,S09,S09SE1,S09SE1,S09,SE,4/19/21 13:07,13,7,13.11666667,Spring,NA,NA,NA,NA,NA,NA,NA,0,0,S901
16,16,4/19/21 10:20,1,8,1,1,1,-119.6803251,35.05925036,NA,NA,AS08PN11,S,P,N,1,S08,S08PN1,S08PN1,S08,PN,4/19/21 10:20,10,20,10.33333333,Spring,NA,NA,NA,NA,36.74,37.26,38.38,3,1,S811
17,17,4/19/21 10:42,1,8,0,1,1,-119.6803061,35.0592554,NA,NA,AS08SN11,S,S,N,1,S08,S08SN1,S08SN1,S08,SN,4/19/21 10:42,10,42,10.7,Spring,NA,NA,NA,NA,NA,NA,NA,0,0,S811
18,18,4/19/21 14:38,1,10,1,0,1,-119.6926353,35.0647591,NA,NA,AS10PE11,S,P,E,1,S10,S10PE1,S10PE1,S10,PE,4/19/21 14:38,14,38,14.63333333,Spring,NA,NA,NA,NA,NA,NA,NA,0,0,S1001
19,19,4/19/21 15:52,1,7,1,1,1,-119.6555894,35.08361336,NA,NA,AS07PN11,S,P,N,1,S07,S07PN1,S07PN1,S07,PN,4/19/21 15:52,15,52,15.86666667,Spring,NA,NA,NA,NA,NA,NA,NA,0,0,S711
20,20,4/19/21 16:10,1,7,0,1,1,-119.6556631,35.08355597,NA,NA,AS07SE11,S,S,N,1,S07,S07SN1,S07SE1,S07,SN,4/19/21 16:10,16,10,16.16666667,Spring,NA,NA,NA,NA,NA,NA,NA,0,0,S711
21,21,4/20/21 8:54,0,1,1,1,1,-119.7464592,35.13335429,NA,NA,AC01PN11,C,P,N,1,C01,C01PN1,C01PN1,C01,PN,4/20/21 8:54,8,54,8.9,Spring,NA,NA,NA,NA,NA,NA,NA,0,0,C111
22,22,4/20/21 9:19,0,1,0,1,1,-119.7465261,35.13336847,NA,NA,AC01SN11,C,S,N,1,C01,C01SN1,C01SN1,C01,SN,4/20/21 9:19,9,19,9.316666667,Spring,NA,NA,NA,NA,NA,NA,NA,0,0,C111
23,23,4/20/21 9:36,0,1,1,0,1,-119.7465626,35.13333827,NA,NA,AC01PE11,C,P,E,1,C01,C01PE1,C01PE1,C01,PE,4/20/21 9:36,9,36,9.6,Spring,NA,NA,NA,NA,NA,NA,NA,0,0,C101
24,24,4/20/21 11:58,0,5,1,1,1,-119.7390416,35.12009123,NA,NA,AC05PN11,C,P,N,1,C05,C05PN1,C05PN1,C05,PN,4/20/21 11:58,11,58,11.96666667,Spring,NA,NA,NA,32.34,32.51,32.39,32.41,4,1,C511
25,25,4/20/21 12:07,0,5,0,1,1,-119.7390459,35.12011426,NA,NA,AC05SN11,C,S,N,1,C05,C05SN1,C05SN1,C05,SN,4/20/21 12:07,12,7,12.11666667,Spring,NA,NA,NA,NA,NA,NA,NA,0,0,C511
26,26,4/20/21 12:18,0,5,1,0,1,-119.7388057,35.11962447,NA,NA,AC05PE11,C,P,E,1,C05,C05PE1,C05PE1,C05,PE,4/20/21 12:18,12,18,12.3,Spring,NA,NA,NA,NA,NA,NA,NA,0,0,C501
27,27,4/20/21 12:30,0,5,0,0,1,-119.7387258,35.11962593,NA,NA,AC05SE11,C,S,E,1,C05,C05SE1,C05SE1,C05,SE,4/20/21 12:30,12,30,12.5,Spring,NA,NA,NA,NA,NA,NA,NA,0,0,C501
29,29,4/20/21 15:06,0,8,1,0,1,-119.7303208,35.11330633,NA,NA,AC08PE11,C,P,E,1,C08,C08PE1,C08PE1,C08,PE,4/20/21 15:06,15,6,15.1,Spring,NA,NA,NA,NA,NA,NA,NA,0,0,C801
30,30,4/20/21 15:12,0,8,0,0,1,-119.7303044,35.11333615,NA,NA,AC08SE11,C,S,E,1,C08,C08SE1,C08SE1,C08,SE,4/20/21 15:12,15,12,15.2,Spring,NA,NA,NA,NA,NA,NA,NA,0,0,C801
31,31,4/20/21 16:02,0,7,0,1,1,-119.7328044,35.10881524,NA,NA,AC07SN11,C,S,N,1,C07,C07SN1,C07SN1,C07,SN,4/20/21 16:02,16,2,16.03333333,Spring,NA,NA,NA,NA,NA,NA,NA,0,0,C711
32,32,4/20/21 16:26,0,7,1,0,1,-119.7322054,35.10828516,NA,NA,AC07PE11,C,P,E,1,C07,C07PE1,C07PE1,C07,PE,4/20/21 16:26,16,26,16.43333333,Spring,NA,NA,NA,NA,NA,NA,NA,0,0,C701
34,34,4/20/21 9:33,0,1,0,0,1,-119.7461097,35.13267475,NA,NA,AC01SE11,C,S,E,1,C01,C01SE1,C01SE1,C01,SE,4/20/21 9:33,9,33,9.55,Spring,NA,NA,NA,NA,NA,NA,NA,0,0,C101
37,37,4/20/21 13:35,0,6,0,1,1,-119.7484989,35.11545547,NA,NA,AC06SN11,C,S,N,1,C06,C06SN1,C06SN1,C06,SN,4/20/21 13:35,13,35,13.58333333,Spring,NA,NA,NA,NA,NA,NA,NA,0,0,C611
38,38,4/20/21 13:40,0,6,1,1,1,-119.7481216,35.08300489,NA,NA,AC06PN11,C,P,N,1,C06,C06PN1,C06PN1,C06,PN,4/20/21 13:40,13,40,13.66666667,Spring,NA,NA,NA,NA,NA,NA,NA,0,0,C611
39,39,4/20/21 13:55,0,6,0,0,1,-119.7480654,35.11496663,NA,NA,AC06SE11,C,S,E,1,C06,C06SE1,C06SE1,C06,SE,4/20/21 13:55,13,55,13.91666667,Spring,NA,NA,NA,NA,NA,NA,NA,0,0,C601
40,40,4/20/21 14:46,0,8,1,1,1,-119.7311212,35.11667308,NA,NA,AC08PN11,C,P,N,1,C08,C08PN1,C08PN1,C08,PN,4/20/21 14:46,14,46,14.76666667,Spring,NA,NA,NA,NA,NA,NA,NA,0,0,C811
41,41,4/21/21 8:25,1,6,1,1,1,-119.6600529,35.08097156,NA,NA,AS06PN11,S,P,N,1,S06,S06PN1,S06PN1,S06,PN,4/21/21 8:25,8,25,8.416666667,Spring,NA,NA,NA,NA,NA,NA,NA,0,0,S611
42,42,4/21/21 8:36,1,6,0,1,1,-119.6600839,35.08096151,NA,NA,AS06SN11,S,S,N,1,S06,S06SN1,S06SN1,S06,SN,4/21/21 8:36,8,36,8.6,Spring,NA,NA,NA,NA,NA,NA,NA,0,0,S611
44,44,4/21/21 8:57,1,6,1,0,1,-119.6595725,35.0814153,NA,NA,AS06PE11,S,P,E,1,S06,S06PE1,S06PE1,S06,PE,4/21/21 8:57,8,57,8.95,Spring,NA,NA,NA,33.31,33.86,34.48,34.23,4,1,S601
45,45,4/21/21 9:06,1,6,0,0,1,-119.659586,35.08134149,NA,NA,AS06SE11,S,S,E,1,S06,S06SE1,S06SE1,S06,SE,4/21/21 9:06,9,6,9.1,Spring,NA,NA,NA,NA,NA,NA,NA,0,0,S601
46,46,4/21/21 10:04,0,2,1,1,1,-119.7284223,35.1303838,NA,NA,AC02SN11,C,P,N,1,C02,C02PN1,C02SN1,C02,PN,4/21/21 10:04,10,4,10.06666667,Spring,NA,NA,NA,NA,NA,NA,NA,0,0,C211
47,47,4/21/21 10:21,0,2,0,1,1,-119.72299,35.13051497,NA,NA,AC02PN11,C,S,N,1,C02,C02SN1,C02PN1,C02,SN,4/21/21 10:21,10,21,10.35,Spring,NA,NA,NA,NA,NA,NA,NA,0,0,C211
48,48,4/21/21 10:41,0,2,0,0,1,-119.7226716,35.13090319,NA,NA,AC02SE11,C,S,E,1,C02,C02SE1,C02SE1,C02,SE,4/21/21 10:41,10,41,10.68333333,Spring,NA,NA,NA,NA,NA,NA,NA,0,0,C201
50,50,4/21/21 11:54,0,4,1,0,1,-119.7249263,35.12218561,NA,NA,AC04PE11,C,P,E,1,C04,C04PE1,C04PE1,C04,PE,4/21/21 11:54,11,54,11.9,Spring,NA,NA,NA,NA,NA,NA,NA,0,0,C401
51,51,4/21/21 12:14,0,4,0,0,1,-119.724714,35.1218074,NA,NA,AC04SE11,C,S,E,1,C04,C04SE1,C04SE1,C04,SE,4/21/21 12:14,12,14,12.23333333,Spring,NA,NA,NA,NA,NA,NA,NA,0,0,C401
53,53,4/21/21 13:45,0,10,1,0,1,-119.701476,35.11423216,NA,NA,AC10PE11,C,P,E,1,C10,C10PE1,C10PE1,C10,PE,4/21/21 13:45,13,45,13.75,Spring,NA,NA,NA,NA,NA,NA,NA,0,0,C1001
54,54,4/21/21 13:54,0,10,0,0,1,-119.7014153,35.11426241,NA,NA,AC10SE11,C,S,E,1,C10,C10SE1,C10SE1,C10,SE,4/21/21 13:54,13,54,13.9,Spring,NA,NA,NA,NA,NA,NA,NA,0,0,C1001
58,58,4/21/21 16:54,1,1,1,0,1,-119.6693035,35.08245118,NA,NA,AS01PE11,S,P,E,1,S01,S01PE1,S01PE1,S01,PE,4/21/21 16:54,16,54,16.9,Spring,NA,NA,NA,NA,NA,NA,NA,0,0,S101
59,59,4/21/21 17:06,1,1,0,0,1,-119.6692839,35.08246879,NA,NA,AS01SE11,S,S,E,1,S01,S01SE1,S01SE1,S01,SE,4/21/21 17:06,17,6,17.1,Spring,NA,NA,NA,NA,NA,NA,NA,0,0,S101
60,60,4/22/21 8:26,1,5,1,1,1,-119.6803809,35.08381932,NA,NA,AS05PN11,S,P,N,1,S05,S05PN1,S05PN1,S05,PN,4/22/21 8:26,8,26,8.433333333,Spring,NA,NA,NA,34.85,34.89,34.2,33.88,4,1,S511
61,61,4/22/21 8:49,1,5,0,1,1,-119.6802974,35.08218187,NA,NA,AS05SN11,S,S,N,1,S05,S05SN1,S05SN1,S05,SN,4/22/21 8:49,8,49,8.816666667,Spring,NA,NA,NA,NA,NA,NA,NA,0,0,S511
62,62,4/22/21 9:05,1,5,0,0,1,-119.6807346,35.08221517,NA,NA,AS05SE11,S,S,E,1,S05,S05SE1,S05SE1,S05,SE,4/22/21 9:05,9,5,9.083333333,Spring,NA,NA,NA,NA,NA,NA,NA,0,0,S501
64,64,4/22/21 9:56,1,2,1,0,1,-119.6743708,35.08460265,NA,NA,AS02PE11,S,P,E,1,S02,S02PE1,S02PE1,S02,PE,4/22/21 9:56,9,56,9.933333333,Spring,NA,NA,NA,34.66,35.11,35.56,34.8,4,1,S201
65,65,4/22/21 10:14,1,2,0,0,1,-119.6748002,35.08415087,NA,NA,AS02SE11,S,S,E,1,S02,S02SE1,S02SE1,S02,SE,4/22/21 10:14,10,14,10.23333333,Spring,NA,NA,NA,NA,NA,NA,NA,0,0,S201
77,77,4/20/21 13:47,0,6,1,0,1,-119.7475458,35.11453835,NA,NA,AC06PE11,C,P,E,1,C06,C06PE1,C06PE1,C06,PE,4/20/21 13:47,13,47,13.78333333,Spring,NA,NA,NA,NA,NA,NA,NA,0,0,C601
78,78,4/20/21 14:51,0,8,0,1,1,-119.729769,35.11306696,NA,NA,AC08SN11,C,S,N,1,C08,C08SN1,C08SN1,C08,SN,4/20/21 14:51,14,51,14.85,Spring,NA,NA,NA,NA,NA,NA,NA,0,0,C811
79,79,4/20/21 15:55,0,7,1,1,1,-119.7328116,35.10880071,NA,NA,AC07PN11,C,P,N,1,C07,C07PN1,C07PN1,C07,PN,4/20/21 15:55,15,55,15.91666667,Spring,NA,NA,NA,37.1,36.87,37.82,NA,3,1,C711
81,81,4/20/21 16:36,0,7,0,0,1,-119.7322485,35.10831569,NA,NA,AC07SE11,C,S,E,1,C07,C07SE1,C07SE1,C07,SE,4/20/21 16:36,16,36,16.6,Spring,NA,NA,NA,NA,NA,NA,NA,0,0,C701
83,83,4/21/21 10:26,0,2,1,0,1,-119.7226224,35.13081797,NA,NA,AC02PE11,C,P,E,1,C02,C02PE1,C02PE1,C02,PE,4/21/21 10:26,10,26,10.43333333,Spring,NA,NA,NA,NA,NA,NA,NA,0,0,C201
84,84,4/21/21 11:22,0,4,1,1,1,-119.7242392,35.12222962,NA,NA,AC04PN11,C,P,N,1,C04,C04PN1,C04PN1,C04,PN,4/21/21 11:22,11,22,11.36666667,Spring,NA,NA,NA,NA,NA,NA,NA,0,0,C411
85,85,4/21/21 11:30,0,4,0,1,1,-119.7242543,35.12227227,NA,NA,AC04SN11,C,S,N,1,C04,C04SN1,C04SN1,C04,SN,4/21/21 11:30,11,30,11.5,Spring,NA,NA,NA,NA,NA,NA,NA,0,0,C411
86,86,4/21/21 13:09,0,10,1,1,1,-119.701232,35.11467272,NA,NA,AC10PN11,C,P,N,1,C10,C10PN1,C10PN1,C10,PN,4/21/21 13:09,13,9,13.15,Spring,NA,NA,NA,NA,NA,NA,NA,0,0,C1011
87,87,4/21/21 13:18,0,10,0,1,1,-119.7012055,35.1145965,NA,NA,AC10SN11,C,S,N,1,C10,C10SN1,C10SN1,C10,SN,4/21/21 13:18,13,18,13.3,Spring,NA,NA,NA,NA,NA,NA,NA,0,0,C1011
91,91,4/21/21 16:39,1,1,1,1,1,-119.6694763,35.08286182,NA,NA,AS01PN11,S,P,N,1,S01,S01PN1,S01PN1,S01,PN,4/21/21 16:39,16,39,16.65,Spring,NA,NA,NA,NA,NA,NA,NA,0,0,S111
92,92,4/21/21 16:49,1,1,0,1,1,-119.6695707,35.08290121,NA,NA,AS01SN11,S,S,N,1,S01,S01SN1,S01SN1,S01,SN,4/21/21 16:49,16,49,16.81666667,Spring,NA,NA,NA,NA,NA,NA,NA,0,0,S111
94,94,4/22/21 8:53,1,5,1,0,1,-119.6807534,35.08219474,NA,NA,AS05PE11,S,P,E,1,S05,S05PE1,S05PE1,S05,PE,4/22/21 8:53,8,53,8.883333333,Spring,NA,NA,NA,NA,NA,NA,NA,0,0,S501
95,95,4/22/21 9:49,1,2,1,1,1,-119.6752519,35.08399229,NA,NA,AS02SN11,S,P,N,1,S02,S02PN1,S02SN1,S02,PN,4/22/21 9:49,9,49,9.816666667,Spring,NA,NA,NA,NA,NA,NA,NA,0,0,S211
96,96,4/22/21 9:55,1,2,0,1,1,-119.6753931,35.08397755,NA,NA,AS02PN11,S,S,N,1,S02,S02SN1,S02PN1,S02,SN,4/22/21 9:55,9,55,9.916666667,Spring,NA,NA,NA,NA,34.19,36.24,36.65,3,1,S211
101,101,4/19/21 16:55,1,7,0,0,1,-119.6549475,35.08328973,NA,NA,AS07SN12,S,S,E,1,S07,S07SE1,S07SN1,S07,SE,4/19/21 16:55,16,55,16.91666667,Spring,NA,NA,NA,NA,NA,NA,NA,0,0,S701
102,102,4/19/21 17:05,1,7,1,0,1,-119.655221,35.06577047,NA,NA,AS07PE12,S,P,E,1,S07,S07PE1,S07PE1,S07,PE,4/19/21 17:05,17,5,17.08333333,Spring,NA,NA,NA,NA,NA,NA,NA,0,0,S701
103,103,4/19/21 11:10,1,8,1,0,1,-119.6802852,35.05927597,NA,NA,AS08PE12,S,P,E,1,S08,S08PE1,S08PE1,S08,PE,4/19/21 11:10,11,10,11.16666667,Spring,NA,NA,NA,NA,NA,NA,NA,0,0,S801
104,104,4/19/21 11:39,1,8,0,0,1,-119.6800302,35.0587963,NA,NA,AS08SE12,S,S,E,1,S08,S08SE1,S08SE1,S08,SE,4/19/21 11:39,11,39,11.65,Spring,NA,NA,NA,NA,NA,NA,NA,0,0,S801
106,106,4/19/21 14:38,1,10,0,0,1,-119.480762,34.98586131,NA,NA,AS10SE12,S,S,E,1,S10,S10SE1,S10SE1,S10,SE,4/19/21 14:38,14,38,14.63333333,Spring,NA,NA,NA,NA,NA,NA,NA,0,0,S1001
109,109,4/19/21 14:08,1,10,1,1,1,-119.6921527,35.06498,NA,NA,AS10PN12,S,P,N,1,S10,S10PN1,S10PN1,S10,PN,4/19/21 14:08,14,8,14.13333333,Spring,NA,NA,NA,NA,NA,NA,NA,0,0,S1011
110,110,4/19/21 14:26,1,10,0,1,1,-119.6921896,35.06494627,NA,NA,AS10SN12,S,S,N,1,S10,S10SN1,S10SN1,S10,SN,4/19/21 14:26,14,26,14.43333333,Spring,NA,NA,NA,NA,NA,NA,NA,0,0,S1011
111,111,4/19/21 12:34,1,9,1,1,1,-119.6857639,35.06167467,NA,NA,AS09PN12,S,P,N,1,S09,S09PN1,S09PN1,S09,PN,4/19/21 12:34,12,34,12.56666667,Spring,NA,NA,NA,34.57,36.27,NA,NA,2,0,S911
112,112,4/19/21 12:49,1,9,0,1,1,-119.6858767,35.06172396,NA,NA,AS09SN12,S,S,N,1,S09,S09SN1,S09SN1,S09,SN,4/19/21 12:49,12,49,12.81666667,Spring,NA,NA,NA,NA,NA,NA,NA,0,0,S911
113,113,4/19/21 12:59,1,9,1,0,1,-119.6859942,35.06130704,NA,NA,AS09PE12,S,P,E,1,S09,S09PE1,S09PE1,S09,PE,4/19/21 12:59,12,59,12.98333333,Spring,NA,NA,NA,32.27,33.37,33.12,33.41,4,1,S901
114,114,4/19/21 13:07,1,9,0,0,1,-119.6860301,35.06126718,NA,NA,AS09SE12,S,S,E,1,S09,S09SE1,S09SE1,S09,SE,4/19/21 13:07,13,7,13.11666667,Spring,NA,NA,NA,NA,NA,NA,NA,0,0,S901
116,116,4/19/21 10:20,1,8,1,1,1,-119.6803251,35.05925036,NA,NA,AS08PN12,S,P,N,1,S08,S08PN1,S08PN1,S08,PN,4/19/21 10:20,10,20,10.33333333,Spring,NA,NA,NA,36.56,36.02,36.99,36.33,4,1,S811
117,117,4/19/21 10:42,1,8,0,1,1,-119.6803061,35.0592554,NA,NA,AS08SN12,S,S,N,1,S08,S08SN1,S08SN1,S08,SN,4/19/21 10:42,10,42,10.7,Spring,NA,NA,NA,NA,NA,NA,NA,0,0,S811
118,118,4/19/21 14:38,1,10,1,0,1,-119.6926353,35.0647591,NA,NA,AS10PE12,S,P,E,1,S10,S10PE1,S10PE1,S10,PE,4/19/21 14:38,14,38,14.63333333,Spring,NA,NA,NA,NA,39.46,NA,NA,1,0,S1001
119,119,4/19/21 15:52,1,7,1,1,1,-119.6555894,35.08361336,NA,NA,AS07PN12,S,P,N,1,S07,S07PN1,S07PN1,S07,PN,4/19/21 15:52,15,52,15.86666667,Spring,NA,NA,NA,NA,NA,NA,NA,0,0,S711
120,120,4/19/21 16:10,1,7,0,1,1,-119.6556631,35.08355597,NA,NA,AS07SE12,S,S,N,1,S07,S07SN1,S07SE1,S07,SN,4/19/21 16:10,16,10,16.16666667,Spring,NA,NA,NA,NA,NA,NA,NA,0,0,S711
121,121,4/20/21 8:54,0,1,1,1,1,-119.7464592,35.13335429,NA,NA,AC01PN12,C,P,N,1,C01,C01PN1,C01PN1,C01,PN,4/20/21 8:54,8,54,8.9,Spring,NA,NA,NA,NA,NA,NA,NA,0,0,C111
122,122,4/20/21 9:19,0,1,0,1,1,-119.7465261,35.13336847,NA,NA,AC01SN12,C,S,N,1,C01,C01SN1,C01SN1,C01,SN,4/20/21 9:19,9,19,9.316666667,Spring,NA,NA,NA,NA,NA,NA,NA,0,0,C111
123,123,4/20/21 9:36,0,1,1,0,1,-119.7465626,35.13333827,NA,NA,AC01PE12,C,P,E,1,C01,C01PE1,C01PE1,C01,PE,4/20/21 9:36,9,36,9.6,Spring,NA,NA,NA,NA,NA,NA,NA,0,0,C101
124,124,4/20/21 11:58,0,5,1,1,1,-119.7390416,35.12009123,NA,NA,AC05PN12,C,P,N,1,C05,C05PN1,C05PN1,C05,PN,4/20/21 11:58,11,58,11.96666667,Spring,NA,NA,NA,NA,NA,NA,39.31,1,0,C511
125,125,4/20/21 12:07,0,5,0,1,1,-119.7390459,35.12011426,NA,NA,AC05SN12,C,S,N,1,C05,C05SN1,C05SN1,C05,SN,4/20/21 12:07,12,7,12.11666667,Spring,NA,NA,NA,NA,NA,NA,NA,0,0,C511
126,126,4/20/21 12:18,0,5,1,0,1,-119.7388057,35.11962447,NA,NA,AC05PE12,C,P,E,1,C05,C05PE1,C05PE1,C05,PE,4/20/21 12:18,12,18,12.3,Spring,NA,NA,NA,NA,NA,NA,NA,0,0,C501
127,127,4/20/21 12:30,0,5,0,0,1,-119.7387258,35.11962593,NA,NA,AC05SE12,C,S,E,1,C05,C05SE1,C05SE1,C05,SE,4/20/21 12:30,12,30,12.5,Spring,NA,NA,NA,NA,NA,NA,NA,0,0,C501
129,129,4/20/21 15:06,0,8,1,0,1,-119.7303208,35.11330633,NA,NA,AC08PE12,C,P,E,1,C08,C08PE1,C08PE1,C08,PE,4/20/21 15:06,15,6,15.1,Spring,NA,NA,NA,NA,NA,NA,NA,0,0,C801
130,130,4/20/21 15:12,0,8,0,0,1,-119.7303044,35.11333615,NA,NA,AC08SE12,C,S,E,1,C08,C08SE1,C08SE1,C08,SE,4/20/21 15:12,15,12,15.2,Spring,NA,NA,NA,NA,NA,NA,NA,0,0,C801
131,131,4/20/21 16:02,0,7,0,1,1,-119.7328044,35.10881524,NA,NA,AC07SN12,C,S,N,1,C07,C07SN1,C07SN1,C07,SN,4/20/21 16:02,16,2,16.03333333,Spring,NA,NA,NA,NA,NA,NA,NA,0,0,C711
132,132,4/20/21 16:26,0,7,1,0,1,-119.7322054,35.10828516,NA,NA,AC07PE12,C,P,E,1,C07,C07PE1,C07PE1,C07,PE,4/20/21 16:26,16,26,16.43333333,Spring,NA,NA,NA,NA,NA,NA,NA,0,0,C701
134,134,4/20/21 9:33,0,1,0,0,1,-119.7461097,35.13267475,NA,NA,AC01SE12,C,S,E,1,C01,C01SE1,C01SE1,C01,SE,4/20/21 9:33,9,33,9.55,Spring,NA,NA,NA,NA,NA,NA,NA,0,0,C101
137,137,4/20/21 13:35,0,6,0,1,1,-119.7484989,35.11545547,NA,NA,AC06SN12,C,S,N,1,C06,C06SN1,C06SN1,C06,SN,4/20/21 13:35,13,35,13.58333333,Spring,NA,NA,NA,NA,NA,NA,NA,0,0,C611
138,138,4/20/21 13:40,0,6,1,1,1,-119.7481216,35.08300489,NA,NA,AC06PN12,C,P,N,1,C06,C06PN1,C06PN1,C06,PN,4/20/21 13:40,13,40,13.66666667,Spring,NA,NA,NA,NA,NA,NA,NA,0,0,C611
139,139,4/20/21 13:55,0,6,0,0,1,-119.7480654,35.11496663,NA,NA,AC06SE12,C,S,E,1,C06,C06SE1,C06SE1,C06,SE,4/20/21 13:55,13,55,13.91666667,Spring,NA,NA,NA,NA,NA,NA,NA,0,0,C601
140,140,4/20/21 14:46,0,8,1,1,1,-119.7311212,35.11667308,NA,NA,AC08PN12,C,P,N,1,C08,C08PN1,C08PN1,C08,PN,4/20/21 14:46,14,46,14.76666667,Spring,NA,NA,NA,NA,NA,NA,NA,0,0,C811
141,141,4/21/21 8:25,1,6,1,1,1,-119.6600529,35.08097156,NA,NA,AS06PN12,S,P,N,1,S06,S06PN1,S06PN1,S06,PN,4/21/21 8:25,8,25,8.416666667,Spring,NA,NA,NA,34.92,37.33,35.7,36.35,4,1,S611
142,142,4/21/21 8:36,1,6,0,1,1,-119.6600839,35.08096151,NA,NA,AS06SN12,S,S,N,1,S06,S06SN1,S06SN1,S06,SN,4/21/21 8:36,8,36,8.6,Spring,NA,NA,NA,NA,NA,NA,NA,0,0,S611
144,144,4/21/21 8:57,1,6,1,0,1,-119.6595725,35.0814153,NA,NA,AS06PE12,S,P,E,1,S06,S06PE1,S06PE1,S06,PE,4/21/21 8:57,8,57,8.95,Spring,NA,NA,NA,33.21,34.85,34.23,35.7,4,1,S601
145,145,4/21/21 9:06,1,6,0,0,1,-119.659586,35.08134149,NA,NA,AS06SE12,S,S,E,1,S06,S06SE1,S06SE1,S06,SE,4/21/21 9:06,9,6,9.1,Spring,NA,NA,NA,NA,NA,NA,NA,0,0,S601
146,146,4/21/21 10:04,0,2,1,1,1,-119.7284223,35.1303838,NA,NA,AC02SN12,C,P,N,1,C02,C02PN1,C02SN1,C02,PN,4/21/21 10:04,10,4,10.06666667,Spring,NA,NA,NA,NA,NA,NA,NA,0,0,C211
147,147,4/21/21 10:21,0,2,0,1,1,-119.72299,35.13051497,NA,NA,AC02PN12,C,S,N,1,C02,C02SN1,C02PN1,C02,SN,4/21/21 10:21,10,21,10.35,Spring,NA,NA,NA,NA,NA,NA,NA,0,0,C211
148,148,4/21/21 10:41,0,2,0,0,1,-119.7226716,35.13090319,NA,NA,AC02SE12,C,S,E,1,C02,C02SE1,C02SE1,C02,SE,4/21/21 10:41,10,41,10.68333333,Spring,NA,NA,NA,NA,NA,NA,NA,0,0,C201
150,150,4/21/21 11:54,0,4,1,0,1,-119.7249263,35.12218561,NA,NA,AC04PE12,C,P,E,1,C04,C04PE1,C04PE1,C04,PE,4/21/21 11:54,11,54,11.9,Spring,NA,NA,NA,NA,NA,NA,NA,0,0,C401
151,151,4/21/21 12:14,0,4,0,0,1,-119.724714,35.1218074,NA,NA,AC04SE12,C,S,E,1,C04,C04SE1,C04SE1,C04,SE,4/21/21 12:14,12,14,12.23333333,Spring,NA,NA,NA,NA,NA,NA,NA,0,0,C401
153,153,4/21/21 13:45,0,10,1,0,1,-119.701476,35.11423216,NA,NA,AC10PE12,C,P,E,1,C10,C10PE1,C10PE1,C10,PE,4/21/21 13:45,13,45,13.75,Spring,NA,NA,NA,NA,NA,NA,NA,0,0,C1001
154,154,4/21/21 13:54,0,10,0,0,1,-119.7014153,35.11426241,NA,NA,AC10SE12,C,S,E,1,C10,C10SE1,C10SE1,C10,SE,4/21/21 13:54,13,54,13.9,Spring,NA,NA,NA,NA,NA,NA,NA,0,0,C1001
158,158,4/21/21 16:54,1,1,1,0,1,-119.6693035,35.08245118,NA,NA,AS01PE12,S,P,E,1,S01,S01PE1,S01PE1,S01,PE,4/21/21 16:54,16,54,16.9,Spring,NA,NA,NA,NA,NA,NA,NA,0,0,S101
159,159,4/21/21 17:06,1,1,0,0,1,-119.6692839,35.08246879,NA,NA,AS01SE12,S,S,E,1,S01,S01SE1,S01SE1,S01,SE,4/21/21 17:06,17,6,17.1,Spring,NA,NA,NA,NA,NA,NA,NA,0,0,S101
160,160,4/22/21 8:26,1,5,1,1,1,-119.6803809,35.08381932,NA,NA,AS05PN12,S,P,N,1,S05,S05PN1,S05PN1,S05,PN,4/22/21 8:26,8,26,8.433333333,Spring,NA,NA,NA,35.46,35,33.86,33.51,4,1,S511
161,161,4/22/21 8:49,1,5,0,1,1,-119.6802974,35.08218187,NA,NA,AS05SN12,S,S,N,1,S05,S05SN1,S05SN1,S05,SN,4/22/21 8:49,8,49,8.816666667,Spring,NA,NA,NA,NA,NA,NA,NA,0,0,S511
162,162,4/22/21 9:05,1,5,0,0,1,-119.6807346,35.08221517,NA,NA,AS05SE12,S,S,E,1,S05,S05SE1,S05SE1,S05,SE,4/22/21 9:05,9,5,9.083333333,Spring,NA,NA,NA,NA,NA,NA,NA,0,0,S501
164,164,4/22/21 9:56,1,2,1,0,1,-119.6743708,35.08460265,NA,NA,AS02PE12,S,P,E,1,S02,S02PE1,S02PE1,S02,PE,4/22/21 9:56,9,56,9.933333333,Spring,NA,NA,NA,NA,NA,NA,35.12,1,0,S201
165,165,4/22/21 10:14,1,2,0,0,1,-119.6748002,35.08415087,NA,NA,AS02SE12,S,S,E,1,S02,S02SE1,S02SE1,S02,SE,4/22/21 10:14,10,14,10.23333333,Spring,NA,NA,NA,NA,NA,NA,NA,0,0,S201
177,177,4/20/21 13:47,0,6,1,0,1,-119.7475458,35.11453835,NA,NA,AC06PE12,C,P,E,1,C06,C06PE1,C06PE1,C06,PE,4/20/21 13:47,13,47,13.78333333,Spring,NA,NA,NA,NA,NA,NA,NA,0,0,C601
178,178,4/20/21 14:51,0,8,0,1,1,-119.729769,35.11306696,NA,NA,AC08SN12,C,S,N,1,C08,C08SN1,C08SN1,C08,SN,4/20/21 14:51,14,51,14.85,Spring,NA,NA,NA,NA,NA,NA,NA,0,0,C811
179,179,4/20/21 15:55,0,7,1,1,1,-119.7328116,35.10880071,NA,NA,AC07PN12,C,P,N,1,C07,C07PN1,C07PN1,C07,PN,4/20/21 15:55,15,55,15.91666667,Spring,NA,NA,NA,35.08,38.23,34.99,36.78,4,1,C711
181,181,4/20/21 16:36,0,7,0,0,1,-119.7322485,35.10831569,NA,NA,AC07SE12,C,S,E,1,C07,C07SE1,C07SE1,C07,SE,4/20/21 16:36,16,36,16.6,Spring,NA,NA,NA,NA,NA,NA,NA,0,0,C701
183,183,4/21/21 10:26,0,2,1,0,1,-119.7226224,35.13081797,NA,NA,AC02PE12,C,P,E,1,C02,C02PE1,C02PE1,C02,PE,4/21/21 10:26,10,26,10.43333333,Spring,NA,NA,NA,NA,NA,NA,NA,0,0,C201
184,184,4/21/21 11:22,0,4,1,1,1,-119.7242392,35.12222962,NA,NA,AC04PN12,C,P,N,1,C04,C04PN1,C04PN1,C04,PN,4/21/21 11:22,11,22,11.36666667,Spring,NA,NA,NA,NA,NA,36.76,NA,1,0,C411
185,185,4/21/21 11:30,0,4,0,1,1,-119.7242543,35.12227227,NA,NA,AC04SN12,C,S,N,1,C04,C04SN1,C04SN1,C04,SN,4/21/21 11:30,11,30,11.5,Spring,NA,NA,NA,NA,NA,NA,NA,0,0,C411
186,186,4/21/21 13:09,0,10,1,1,1,-119.701232,35.11467272,NA,NA,AC10PN12,C,P,N,1,C10,C10PN1,C10PN1,C10,PN,4/21/21 13:09,13,9,13.15,Spring,NA,NA,NA,NA,37.54,NA,NA,1,0,C1011
187,187,4/21/21 13:18,0,10,0,1,1,-119.7012055,35.1145965,NA,NA,AC10SN12,C,S,N,1,C10,C10SN1,C10SN1,C10,SN,4/21/21 13:18,13,18,13.3,Spring,NA,NA,NA,NA,NA,NA,NA,0,0,C1011
191,191,4/21/21 16:39,1,1,1,1,1,-119.6694763,35.08286182,NA,NA,AS01PN12,S,P,N,1,S01,S01PN1,S01PN1,S01,PN,4/21/21 16:39,16,39,16.65,Spring,NA,NA,NA,NA,NA,NA,NA,0,0,S111
192,192,4/21/21 16:49,1,1,0,1,1,-119.6695707,35.08290121,NA,NA,AS01SN12,S,S,N,1,S01,S01SN1,S01SN1,S01,SN,4/21/21 16:49,16,49,16.81666667,Spring,NA,NA,NA,NA,NA,NA,NA,0,0,S111
194,194,4/22/21 8:53,1,5,1,0,1,-119.6807534,35.08219474,NA,NA,AS05PE12,S,P,E,1,S05,S05PE1,S05PE1,S05,PE,4/22/21 8:53,8,53,8.883333333,Spring,NA,NA,NA,NA,NA,NA,NA,0,0,S501
195,195,4/22/21 9:49,1,2,1,1,1,-119.6752519,35.08399229,NA,NA,AS02SN12,S,P,N,1,S02,S02PN1,S02SN1,S02,PN,4/22/21 9:49,9,49,9.816666667,Spring,NA,NA,NA,NA,NA,NA,NA,0,0,S211
196,196,4/22/21 9:55,1,2,0,1,1,-119.6753931,35.08397755,NA,NA,AS02PN12,S,S,N,1,S02,S02SN1,S02PN1,S02,SN,4/22/21 9:55,9,55,9.916666667,Spring,NA,NA,NA,NA,NA,NA,NA,0,0,S211
201,201,4/19/21 16:55,1,7,0,0,1,-119.6549475,35.08328973,NA,NA,AS07SN13,S,S,E,1,S07,S07SE1,S07SN1,S07,SE,4/19/21 16:55,16,55,16.91666667,Spring,NA,NA,NA,NA,NA,NA,NA,0,0,S701
202,202,4/19/21 17:05,1,7,1,0,1,-119.655221,35.06577047,NA,NA,AS07PE13,S,P,E,1,S07,S07PE1,S07PE1,S07,PE,4/19/21 17:05,17,5,17.08333333,Spring,NA,NA,NA,NA,NA,NA,NA,0,0,S701
203,203,4/19/21 11:10,1,8,1,0,1,-119.6802852,35.05927597,NA,NA,AS08PE13,S,P,E,1,S08,S08PE1,S08PE1,S08,PE,4/19/21 11:10,11,10,11.16666667,Spring,NA,NA,NA,NA,NA,NA,NA,0,0,S801
204,204,4/19/21 11:39,1,8,0,0,1,-119.6800302,35.0587963,NA,NA,AS08SE13,S,S,E,1,S08,S08SE1,S08SE1,S08,SE,4/19/21 11:39,11,39,11.65,Spring,NA,NA,NA,NA,NA,NA,NA,0,0,S801
206,206,4/19/21 14:38,1,10,0,0,1,-119.480762,34.98586131,NA,NA,AS10SE13,S,S,E,1,S10,S10SE1,S10SE1,S10,SE,4/19/21 14:38,14,38,14.63333333,Spring,NA,NA,NA,NA,NA,NA,NA,0,0,S1001
209,209,4/19/21 14:08,1,10,1,1,1,-119.6921527,35.06498,NA,NA,AS10PN13,S,P,N,1,S10,S10PN1,S10PN1,S10,PN,4/19/21 14:08,14,8,14.13333333,Spring,NA,NA,NA,NA,NA,NA,NA,0,0,S1011
210,210,4/19/21 14:26,1,10,0,1,1,-119.6921896,35.06494627,NA,NA,AS10SN13,S,S,N,1,S10,S10SN1,S10SN1,S10,SN,4/19/21 14:26,14,26,14.43333333,Spring,NA,NA,NA,NA,NA,NA,NA,0,0,S1011
211,211,4/19/21 12:34,1,9,1,1,1,-119.6857639,35.06167467,NA,NA,AS09PN13,S,P,N,1,S09,S09PN1,S09PN1,S09,PN,4/19/21 12:34,12,34,12.56666667,Spring,NA,NA,NA,37.65,34.92,NA,NA,2,0,S911
212,212,4/19/21 12:49,1,9,0,1,1,-119.6858767,35.06172396,NA,NA,AS09SN13,S,S,N,1,S09,S09SN1,S09SN1,S09,SN,4/19/21 12:49,12,49,12.81666667,Spring,NA,NA,NA,NA,NA,NA,NA,0,0,S911
213,213,4/19/21 12:59,1,9,1,0,1,-119.6859942,35.06130704,NA,NA,AS09PE13,S,P,E,1,S09,S09PE1,S09PE1,S09,PE,4/19/21 12:59,12,59,12.98333333,Spring,NA,NA,NA,NA,NA,NA,NA,0,0,S901
214,214,4/19/21 13:07,1,9,0,0,1,-119.6860301,35.06126718,NA,NA,AS09SE13,S,S,E,1,S09,S09SE1,S09SE1,S09,SE,4/19/21 13:07,13,7,13.11666667,Spring,NA,NA,NA,NA,NA,NA,NA,0,0,S901
216,216,4/19/21 10:20,1,8,1,1,1,-119.6803251,35.05925036,NA,NA,AS08PN13,S,P,N,1,S08,S08PN1,S08PN1,S08,PN,4/19/21 10:20,10,20,10.33333333,Spring,NA,NA,NA,35.7,NA,NA,NA,1,0,S811
217,217,4/19/21 10:42,1,8,0,1,1,-119.6803061,35.0592554,NA,NA,AS08SN13,S,S,N,1,S08,S08SN1,S08SN1,S08,SN,4/19/21 10:42,10,42,10.7,Spring,NA,NA,NA,NA,NA,NA,NA,0,0,S811
218,218,4/19/21 14:38,1,10,1,0,1,-119.6926353,35.0647591,NA,NA,AS10PE13,S,P,E,1,S10,S10PE1,S10PE1,S10,PE,4/19/21 14:38,14,38,14.63333333,Spring,NA,NA,NA,34.94,34.35,35.26,35.41,4,1,S1001
219,219,4/19/21 15:52,1,7,1,1,1,-119.6555894,35.08361336,NA,NA,AS07PN13,S,P,N,1,S07,S07PN1,S07PN1,S07,PN,4/19/21 15:52,15,52,15.86666667,Spring,NA,NA,NA,NA,NA,NA,NA,0,0,S711
220,220,4/19/21 16:10,1,7,0,1,1,-119.6556631,35.08355597,NA,NA,AS07SE13,S,S,N,1,S07,S07SN1,S07SE1,S07,SN,4/19/21 16:10,16,10,16.16666667,Spring,NA,NA,NA,NA,NA,NA,NA,0,0,S711
221,221,4/20/21 8:54,0,1,1,1,1,-119.7464592,35.13335429,NA,NA,AC01PN13,C,P,N,1,C01,C01PN1,C01PN1,C01,PN,4/20/21 8:54,8,54,8.9,Spring,NA,NA,NA,NA,NA,NA,NA,0,0,C111
222,222,4/20/21 9:19,0,1,0,1,1,-119.7465261,35.13336847,NA,NA,AC01SN13,C,S,N,1,C01,C01SN1,C01SN1,C01,SN,4/20/21 9:19,9,19,9.316666667,Spring,NA,NA,NA,NA,NA,NA,NA,0,0,C111
223,223,4/20/21 9:36,0,1,1,0,1,-119.7465626,35.13333827,NA,NA,AC01PE13,C,P,E,1,C01,C01PE1,C01PE1,C01,PE,4/20/21 9:36,9,36,9.6,Spring,NA,NA,NA,NA,NA,NA,NA,0,0,C101
224,224,4/20/21 11:58,0,5,1,1,1,-119.7390416,35.12009123,NA,NA,AC05PN13,C,P,N,1,C05,C05PN1,C05PN1,C05,PN,4/20/21 11:58,11,58,11.96666667,Spring,NA,NA,NA,35.32,35.77,35.96,35.03,4,1,C511
226,226,4/20/21 12:18,0,5,1,0,1,-119.7388057,35.11962447,NA,NA,AC05PE13,C,P,E,1,C05,C05PE1,C05PE1,C05,PE,4/20/21 12:18,12,18,12.3,Spring,NA,NA,NA,NA,NA,NA,NA,0,0,C501
227,227,4/20/21 12:30,0,5,0,0,1,-119.7387258,35.11962593,NA,NA,AC05SE13,C,S,E,1,C05,C05SE1,C05SE1,C05,SE,4/20/21 12:30,12,30,12.5,Spring,NA,NA,NA,NA,NA,NA,NA,0,0,C501
229,229,4/20/21 15:06,0,8,1,0,1,-119.7303208,35.11330633,NA,NA,AC08PE13,C,P,E,1,C08,C08PE1,C08PE1,C08,PE,4/20/21 15:06,15,6,15.1,Spring,NA,NA,NA,NA,NA,NA,NA,0,0,C801
230,230,4/20/21 15:12,0,8,0,0,1,-119.7303044,35.11333615,NA,NA,AC08SE13,C,S,E,1,C08,C08SE1,C08SE1,C08,SE,4/20/21 15:12,15,12,15.2,Spring,NA,NA,NA,NA,NA,NA,NA,0,0,C801
231,231,4/20/21 16:02,0,7,0,1,1,-119.7328044,35.10881524,NA,NA,AC07SN13,C,S,N,1,C07,C07SN1,C07SN1,C07,SN,4/20/21 16:02,16,2,16.03333333,Spring,NA,NA,NA,NA,NA,NA,NA,0,0,C711
232,232,4/20/21 16:26,0,7,1,0,1,-119.7322054,35.10828516,NA,NA,AC07PE13,C,P,E,1,C07,C07PE1,C07PE1,C07,PE,4/20/21 16:26,16,26,16.43333333,Spring,NA,NA,NA,NA,36.95,36.1,NA,2,0,C701
234,234,4/20/21 9:33,0,1,0,0,1,-119.7461097,35.13267475,NA,NA,AC01SE13,C,S,E,1,C01,C01SE1,C01SE1,C01,SE,4/20/21 9:33,9,33,9.55,Spring,NA,NA,NA,39.66,NA,NA,NA,1,0,C101
237,237,4/20/21 13:35,0,6,0,1,1,-119.7484989,35.11545547,NA,NA,AC06SN13,C,S,N,1,C06,C06SN1,C06SN1,C06,SN,4/20/21 13:35,13,35,13.58333333,Spring,NA,NA,NA,NA,NA,NA,NA,0,0,C611
238,238,4/20/21 13:40,0,6,1,1,1,-119.7481216,35.08300489,NA,NA,AC06PN13,C,P,N,1,C06,C06PN1,C06PN1,C06,PN,4/20/21 13:40,13,40,13.66666667,Spring,NA,NA,NA,NA,NA,NA,NA,0,0,C611
239,239,4/20/21 13:55,0,6,0,0,1,-119.7480654,35.11496663,NA,NA,AC06SE13,C,S,E,1,C06,C06SE1,C06SE1,C06,SE,4/20/21 13:55,13,55,13.91666667,Spring,NA,NA,NA,NA,NA,NA,NA,0,0,C601
240,240,4/20/21 14:46,0,8,1,1,1,-119.7311212,35.11667308,NA,NA,AC08PN13,C,P,N,1,C08,C08PN1,C08PN1,C08,PN,4/20/21 14:46,14,46,14.76666667,Spring,NA,NA,NA,34.17,33.35,34.67,33.95,4,1,C811
241,241,4/21/21 8:25,1,6,1,1,1,-119.6600529,35.08097156,NA,NA,AS06PN13,S,P,N,1,S06,S06PN1,S06PN1,S06,PN,4/21/21 8:25,8,25,8.416666667,Spring,NA,NA,NA,NA,NA,NA,NA,0,0,S611
242,242,4/21/21 8:36,1,6,0,1,1,-119.6600839,35.08096151,NA,NA,AS06SN13,S,S,N,1,S06,S06SN1,S06SN1,S06,SN,4/21/21 8:36,8,36,8.6,Spring,NA,NA,NA,NA,NA,NA,NA,0,0,S611
244,244,4/21/21 8:57,1,6,1,0,1,-119.6595725,35.0814153,NA,NA,AS06PE13,S,P,E,1,S06,S06PE1,S06PE1,S06,PE,4/21/21 8:57,8,57,8.95,Spring,NA,NA,NA,30.74,31.14,31.42,31.84,4,1,S601
245,245,4/21/21 9:06,1,6,0,0,1,-119.659586,35.08134149,NA,NA,AS06SE13,S,S,E,1,S06,S06SE1,S06SE1,S06,SE,4/21/21 9:06,9,6,9.1,Spring,NA,NA,NA,NA,NA,NA,NA,0,0,S601
246,246,4/21/21 10:04,0,2,1,1,1,-119.7284223,35.1303838,NA,NA,AC02SN13,C,P,N,1,C02,C02PN1,C02SN1,C02,PN,4/21/21 10:04,10,4,10.06666667,Spring,NA,NA,NA,36.66,35.73,NA,NA,2,0,C211
247,247,4/21/21 10:21,0,2,0,1,1,-119.72299,35.13051497,NA,NA,AC02PN13,C,S,N,1,C02,C02SN1,C02PN1,C02,SN,4/21/21 10:21,10,21,10.35,Spring,NA,NA,NA,NA,NA,NA,NA,0,0,C211
248,248,4/21/21 10:41,0,2,0,0,1,-119.7226716,35.13090319,NA,NA,AC02SE13,C,S,E,1,C02,C02SE1,C02SE1,C02,SE,4/21/21 10:41,10,41,10.68333333,Spring,NA,NA,NA,NA,NA,NA,NA,0,0,C201
250,250,4/21/21 11:54,0,4,1,0,1,-119.7249263,35.12218561,NA,NA,AC04PE13,C,P,E,1,C04,C04PE1,C04PE1,C04,PE,4/21/21 11:54,11,54,11.9,Spring,NA,NA,NA,31.27,31.49,31.23,31.57,4,1,C401
251,251,4/21/21 12:14,0,4,0,0,1,-119.724714,35.1218074,NA,NA,AC04SE13,C,S,E,1,C04,C04SE1,C04SE1,C04,SE,4/21/21 12:14,12,14,12.23333333,Spring,NA,NA,NA,NA,NA,NA,NA,0,0,C401
253,253,4/21/21 13:45,0,10,1,0,1,-119.701476,35.11423216,NA,NA,AC10PE13,C,P,E,1,C10,C10PE1,C10PE1,C10,PE,4/21/21 13:45,13,45,13.75,Spring,NA,NA,NA,NA,NA,NA,NA,0,0,C1001
254,254,4/21/21 13:54,0,10,0,0,1,-119.7014153,35.11426241,NA,NA,AC10SE13,C,S,E,1,C10,C10SE1,C10SE1,C10,SE,4/21/21 13:54,13,54,13.9,Spring,NA,NA,NA,NA,NA,NA,NA,0,0,C1001
258,258,4/21/21 16:54,1,1,1,0,1,-119.6693035,35.08245118,NA,NA,AS01PE13,S,P,E,1,S01,S01PE1,S01PE1,S01,PE,4/21/21 16:54,16,54,16.9,Spring,NA,NA,NA,NA,NA,NA,NA,0,0,S101
259,259,4/21/21 17:06,1,1,0,0,1,-119.6692839,35.08246879,NA,NA,AS01SE13,S,S,E,1,S01,S01SE1,S01SE1,S01,SE,4/21/21 17:06,17,6,17.1,Spring,NA,NA,NA,NA,NA,NA,NA,0,0,S101
260,260,4/22/21 8:26,1,5,1,1,1,-119.6803809,35.08381932,NA,NA,AS05PN13,S,P,N,1,S05,S05PN1,S05PN1,S05,PN,4/22/21 8:26,8,26,8.433333333,Spring,NA,NA,NA,39.59,36.25,35.11,34.83,4,1,S511
261,261,4/22/21 8:49,1,5,0,1,1,-119.6802974,35.08218187,NA,NA,AS05SN13,S,S,N,1,S05,S05SN1,S05SN1,S05,SN,4/22/21 8:49,8,49,8.816666667,Spring,NA,NA,NA,NA,NA,NA,NA,0,0,S511
262,262,4/22/21 9:05,1,5,0,0,1,-119.6807346,35.08221517,NA,NA,AS05SE13,S,S,E,1,S05,S05SE1,S05SE1,S05,SE,4/22/21 9:05,9,5,9.083333333,Spring,NA,NA,NA,NA,NA,NA,NA,0,0,S501
264,264,4/22/21 9:56,1,2,1,0,1,-119.6743708,35.08460265,NA,NA,AS02PE13,S,P,E,1,S02,S02PE1,S02PE1,S02,PE,4/22/21 9:56,9,56,9.933333333,Spring,NA,NA,NA,NA,NA,NA,NA,0,0,S201
265,265,4/22/21 10:14,1,2,0,0,1,-119.6748002,35.08415087,NA,NA,AS02SE13,S,S,E,1,S02,S02SE1,S02SE1,S02,SE,4/22/21 10:14,10,14,10.23333333,Spring,NA,NA,NA,NA,NA,NA,NA,0,0,S201
277,277,4/20/21 13:47,0,6,1,0,1,-119.7475458,35.11453835,NA,NA,AC06PE13,C,P,E,1,C06,C06PE1,C06PE1,C06,PE,4/20/21 13:47,13,47,13.78333333,Spring,NA,NA,NA,NA,NA,NA,NA,0,0,C601
278,278,4/20/21 14:51,0,8,0,1,1,-119.729769,35.11306696,NA,NA,AC08SN13,C,S,N,1,C08,C08SN1,C08SN1,C08,SN,4/20/21 14:51,14,51,14.85,Spring,NA,NA,NA,NA,NA,NA,NA,0,0,C811
279,279,4/20/21 15:55,0,7,1,1,1,-119.7328116,35.10880071,NA,NA,AC07PN13,C,P,N,1,C07,C07PN1,C07PN1,C07,PN,4/20/21 15:55,15,55,15.91666667,Spring,NA,NA,NA,NA,NA,NA,NA,0,0,C711
281,281,4/20/21 16:36,0,7,0,0,1,-119.7322485,35.10831569,NA,NA,AC07SE13,C,S,E,1,C07,C07SE1,C07SE1,C07,SE,4/20/21 16:36,16,36,16.6,Spring,NA,NA,NA,NA,NA,NA,NA,0,0,C701
283,283,4/21/21 10:26,0,2,1,0,1,-119.7226224,35.13081797,NA,NA,AC02PE13,C,P,E,1,C02,C02PE1,C02PE1,C02,PE,4/21/21 10:26,10,26,10.43333333,Spring,NA,NA,NA,NA,NA,NA,NA,0,0,C201
284,284,4/21/21 11:22,0,4,1,1,1,-119.7242392,35.12222962,NA,NA,AC04PN13,C,P,N,1,C04,C04PN1,C04PN1,C04,PN,4/21/21 11:22,11,22,11.36666667,Spring,NA,NA,NA,NA,NA,NA,NA,0,0,C411
285,285,4/21/21 11:30,0,4,0,1,1,-119.7242543,35.12227227,NA,NA,AC04SN13,C,S,N,1,C04,C04SN1,C04SN1,C04,SN,4/21/21 11:30,11,30,11.5,Spring,NA,NA,NA,NA,NA,NA,NA,0,0,C411
286,286,4/21/21 13:09,0,10,1,1,1,-119.701232,35.11467272,NA,NA,AC10PN13,C,P,N,1,C10,C10PN1,C10PN1,C10,PN,4/21/21 13:09,13,9,13.15,Spring,NA,NA,NA,NA,NA,NA,NA,0,0,C1011
287,287,4/21/21 13:18,0,10,0,1,1,-119.7012055,35.1145965,NA,NA,AC10SN13,C,S,N,1,C10,C10SN1,C10SN1,C10,SN,4/21/21 13:18,13,18,13.3,Spring,NA,NA,NA,NA,NA,NA,NA,0,0,C1011
291,291,4/21/21 16:39,1,1,1,1,1,-119.6694763,35.08286182,NA,NA,AS01PN13,S,P,N,1,S01,S01PN1,S01PN1,S01,PN,4/21/21 16:39,16,39,16.65,Spring,NA,NA,NA,NA,NA,NA,NA,0,0,S111
292,292,4/21/21 16:49,1,1,0,1,1,-119.6695707,35.08290121,NA,NA,AS01SN13,S,S,N,1,S01,S01SN1,S01SN1,S01,SN,4/21/21 16:49,16,49,16.81666667,Spring,NA,NA,NA,NA,NA,NA,NA,0,0,S111
294,294,4/22/21 8:53,1,5,1,0,1,-119.6807534,35.08219474,NA,NA,AS05PE13,S,P,E,1,S05,S05PE1,S05PE1,S05,PE,4/22/21 8:53,8,53,8.883333333,Spring,NA,NA,NA,32.91,32.8,33.82,33.31,4,1,S501
295,295,4/22/21 9:49,1,2,1,1,1,-119.6752519,35.08399229,NA,NA,AS02SN13,S,P,N,1,S02,S02PN1,S02SN1,S02,PN,4/22/21 9:49,9,49,9.816666667,Spring,NA,NA,NA,NA,NA,NA,NA,0,0,S211
296,296,4/22/21 9:55,1,2,0,1,1,-119.6753931,35.08397755,NA,NA,AS02PN13,S,S,N,1,S02,S02SN1,S02PN1,S02,SN,4/22/21 9:55,9,55,9.916666667,Spring,NA,NA,NA,NA,NA,NA,NA,0,0,S211
301,301,4/19/21 16:55,1,7,0,0,1,-119.6549475,35.08328973,NA,NA,AS07SN14,S,S,E,1,S07,S07SE1,S07SN1,S07,SE,4/19/21 16:55,16,55,16.91666667,Spring,NA,NA,NA,NA,NA,NA,NA,0,0,S701
302,302,4/19/21 17:05,1,7,1,0,1,-119.655221,35.06577047,NA,NA,AS07PE14,S,P,E,1,S07,S07PE1,S07PE1,S07,PE,4/19/21 17:05,17,5,17.08333333,Spring,NA,NA,NA,NA,NA,NA,NA,0,0,S701
303,303,4/19/21 11:10,1,8,1,0,1,-119.6802852,35.05927597,NA,NA,AS08PE14,S,P,E,1,S08,S08PE1,S08PE1,S08,PE,4/19/21 11:10,11,10,11.16666667,Spring,NA,NA,NA,36.26,NA,36.69,35.22,3,1,S801
304,304,4/19/21 11:39,1,8,0,0,1,-119.6800302,35.0587963,NA,NA,AS08SE14,S,S,E,1,S08,S08SE1,S08SE1,S08,SE,4/19/21 11:39,11,39,11.65,Spring,NA,NA,NA,NA,NA,NA,NA,0,0,S801
306,306,4/19/21 14:38,1,10,0,0,1,-119.480762,34.98586131,NA,NA,AS10SE14,S,S,E,1,S10,S10SE1,S10SE1,S10,SE,4/19/21 14:38,14,38,14.63333333,Spring,NA,NA,NA,NA,NA,NA,NA,0,0,S1001
309,309,4/19/21 14:08,1,10,1,1,1,-119.6921527,35.06498,NA,NA,AS10PN14,S,P,N,1,S10,S10PN1,S10PN1,S10,PN,4/19/21 14:08,14,8,14.13333333,Spring,NA,NA,NA,NA,NA,NA,NA,0,0,S1011
310,310,4/19/21 14:26,1,10,0,1,1,-119.6921896,35.06494627,NA,NA,AS10SN14,S,S,N,1,S10,S10SN1,S10SN1,S10,SN,4/19/21 14:26,14,26,14.43333333,Spring,NA,NA,NA,NA,NA,NA,NA,0,0,S1011
311,311,4/19/21 12:34,1,9,1,1,1,-119.6857639,35.06167467,NA,NA,AS09PN14,S,P,N,1,S09,S09PN1,S09PN1,S09,PN,4/19/21 12:34,12,34,12.56666667,Spring,NA,NA,NA,32.39,32.8,32.87,32.46,4,1,S911
312,312,4/19/21 12:49,1,9,0,1,1,-119.6858767,35.06172396,NA,NA,AS09SN14,S,S,N,1,S09,S09SN1,S09SN1,S09,SN,4/19/21 12:49,12,49,12.81666667,Spring,NA,NA,NA,NA,NA,NA,NA,0,0,S911
313,313,4/19/21 12:59,1,9,1,0,1,-119.6859942,35.06130704,NA,NA,AS09PE14,S,P,E,1,S09,S09PE1,S09PE1,S09,PE,4/19/21 12:59,12,59,12.98333333,Spring,NA,NA,NA,NA,NA,37.11,NA,1,0,S901
314,314,4/19/21 13:07,1,9,0,0,1,-119.6860301,35.06126718,NA,NA,AS09SE14,S,S,E,1,S09,S09SE1,S09SE1,S09,SE,4/19/21 13:07,13,7,13.11666667,Spring,NA,NA,NA,NA,NA,NA,NA,0,0,S901
316,316,4/19/21 10:20,1,8,1,1,1,-119.6803251,35.05925036,NA,NA,AS08PN14,S,P,N,1,S08,S08PN1,S08PN1,S08,PN,4/19/21 10:20,10,20,10.33333333,Spring,NA,NA,NA,33.36,33.64,33.54,34.29,4,1,S811
317,317,4/19/21 10:42,1,8,0,1,1,-119.6803061,35.0592554,NA,NA,AS08SN14,S,S,N,1,S08,S08SN1,S08SN1,S08,SN,4/19/21 10:42,10,42,10.7,Spring,NA,NA,NA,NA,NA,NA,NA,0,0,S811
318,318,4/19/21 14:38,1,10,1,0,1,-119.6926353,35.0647591,NA,NA,AS10PE14,S,P,E,1,S10,S10PE1,S10PE1,S10,PE,4/19/21 14:38,14,38,14.63333333,Spring,NA,NA,NA,28.38,29.07,29.42,29.41,4,1,S1001
319,319,4/19/21 15:52,1,7,1,1,1,-119.6555894,35.08361336,NA,NA,AS07PN14,S,P,N,1,S07,S07PN1,S07PN1,S07,PN,4/19/21 15:52,15,52,15.86666667,Spring,NA,NA,NA,NA,NA,NA,NA,0,0,S711
320,320,4/19/21 16:10,1,7,0,1,1,-119.6556631,35.08355597,NA,NA,AS07SE14,S,S,N,1,S07,S07SN1,S07SE1,S07,SN,4/19/21 16:10,16,10,16.16666667,Spring,NA,NA,NA,NA,NA,NA,NA,0,0,S711
321,321,4/20/21 8:54,0,1,1,1,1,-119.7464592,35.13335429,NA,NA,AC01PN14,C,P,N,1,C01,C01PN1,C01PN1,C01,PN,4/20/21 8:54,8,54,8.9,Spring,NA,NA,NA,NA,NA,NA,NA,0,0,C111
322,322,4/20/21 9:19,0,1,0,1,1,-119.7465261,35.13336847,NA,NA,AC01SN14,C,S,N,1,C01,C01SN1,C01SN1,C01,SN,4/20/21 9:19,9,19,9.316666667,Spring,NA,NA,NA,NA,NA,NA,NA,0,0,C111
323,323,4/20/21 9:36,0,1,1,0,1,-119.7465626,35.13333827,NA,NA,AC01PE14,C,P,E,1,C01,C01PE1,C01PE1,C01,PE,4/20/21 9:36,9,36,9.6,Spring,NA,NA,NA,NA,NA,NA,NA,0,0,C101
324,324,4/20/21 11:58,0,5,1,1,1,-119.7390416,35.12009123,NA,NA,AC05PN14,C,P,N,1,C05,C05PN1,C05PN1,C05,PN,4/20/21 11:58,11,58,11.96666667,Spring,NA,NA,NA,35.7,36.29,NA,NA,2,0,C511
325,325,4/20/21 12:07,0,5,0,1,1,-119.7390459,35.12011426,NA,NA,AC05SN14,C,S,N,1,C05,C05SN1,C05SN1,C05,SN,4/20/21 12:07,12,7,12.11666667,Spring,NA,NA,NA,NA,NA,NA,NA,0,0,C511
326,326,4/20/21 12:18,0,5,1,0,1,-119.7388057,35.11962447,NA,NA,AC05PE14,C,P,E,1,C05,C05PE1,C05PE1,C05,PE,4/20/21 12:18,12,18,12.3,Spring,NA,NA,NA,NA,NA,NA,NA,0,0,C501
327,327,4/20/21 12:30,0,5,0,0,1,-119.7387258,35.11962593,NA,NA,AC05SE14,C,S,E,1,C05,C05SE1,C05SE1,C05,SE,4/20/21 12:30,12,30,12.5,Spring,NA,NA,NA,NA,NA,NA,NA,0,0,C501
329,329,4/20/21 15:06,0,8,1,0,1,-119.7303208,35.11330633,NA,NA,AC08PE14,C,P,E,1,C08,C08PE1,C08PE1,C08,PE,4/20/21 15:06,15,6,15.1,Spring,NA,NA,NA,NA,NA,NA,NA,0,0,C801
330,330,4/20/21 15:12,0,8,0,0,1,-119.7303044,35.11333615,NA,NA,AC08SE14,C,S,E,1,C08,C08SE1,C08SE1,C08,SE,4/20/21 15:12,15,12,15.2,Spring,NA,NA,NA,NA,NA,NA,NA,0,0,C801
331,331,4/20/21 16:02,0,7,0,1,1,-119.7328044,35.10881524,NA,NA,AC07SN14,C,S,N,1,C07,C07SN1,C07SN1,C07,SN,4/20/21 16:02,16,2,16.03333333,Spring,NA,NA,NA,NA,NA,NA,NA,0,0,C711
332,332,4/20/21 16:26,0,7,1,0,1,-119.7322054,35.10828516,NA,NA,AC07PE14,C,P,E,1,C07,C07PE1,C07PE1,C07,PE,4/20/21 16:26,16,26,16.43333333,Spring,NA,NA,NA,NA,NA,NA,NA,0,0,C701
334,334,4/20/21 9:33,0,1,0,0,1,-119.7461097,35.13267475,NA,NA,AC01SE14,C,S,E,1,C01,C01SE1,C01SE1,C01,SE,4/20/21 9:33,9,33,9.55,Spring,NA,NA,NA,NA,NA,NA,NA,0,0,C101
337,337,4/20/21 13:35,0,6,0,1,1,-119.7484989,35.11545547,NA,NA,AC06SN14,C,S,N,1,C06,C06SN1,C06SN1,C06,SN,4/20/21 13:35,13,35,13.58333333,Spring,NA,NA,NA,NA,NA,NA,NA,0,0,C611
338,338,4/20/21 13:40,0,6,1,1,1,-119.7481216,35.08300489,NA,NA,AC06PN14,C,P,N,1,C06,C06PN1,C06PN1,C06,PN,4/20/21 13:40,13,40,13.66666667,Spring,NA,NA,NA,NA,NA,NA,NA,0,0,C611
339,339,4/20/21 13:55,0,6,0,0,1,-119.7480654,35.11496663,NA,NA,AC06SE14,C,S,E,1,C06,C06SE1,C06SE1,C06,SE,4/20/21 13:55,13,55,13.91666667,Spring,NA,NA,NA,NA,NA,NA,NA,0,0,C601
340,340,4/20/21 14:46,0,8,1,1,1,-119.7311212,35.11667308,NA,NA,AC08PN14,C,P,N,1,C08,C08PN1,C08PN1,C08,PN,4/20/21 14:46,14,46,14.76666667,Spring,NA,NA,NA,35.28,35.2,36.95,NA,3,1,C811
341,341,4/21/21 8:25,1,6,1,1,1,-119.6600529,35.08097156,NA,NA,AS06PN14,S,P,N,1,S06,S06PN1,S06PN1,S06,PN,4/21/21 8:25,8,25,8.416666667,Spring,NA,NA,NA,NA,NA,NA,NA,0,0,S611
342,342,4/21/21 8:36,1,6,0,1,1,-119.6600839,35.08096151,NA,NA,AS06SN14,S,S,N,1,S06,S06SN1,S06SN1,S06,SN,4/21/21 8:36,8,36,8.6,Spring,NA,NA,NA,NA,NA,NA,NA,0,0,S611
344,344,4/21/21 8:57,1,6,1,0,1,-119.6595725,35.0814153,NA,NA,AS06PE14,S,P,E,1,S06,S06PE1,S06PE1,S06,PE,4/21/21 8:57,8,57,8.95,Spring,NA,NA,NA,34.82,35.07,34.88,35.02,4,1,S601
345,345,4/21/21 9:06,1,6,0,0,1,-119.659586,35.08134149,NA,NA,AS06SE14,S,S,E,1,S06,S06SE1,S06SE1,S06,SE,4/21/21 9:06,9,6,9.1,Spring,NA,NA,NA,NA,NA,NA,NA,0,0,S601
346,346,4/21/21 10:04,0,2,1,1,1,-119.7284223,35.1303838,NA,NA,AC02SN14,C,P,N,1,C02,C02PN1,C02SN1,C02,PN,4/21/21 10:04,10,4,10.06666667,Spring,NA,NA,NA,NA,39.46,NA,NA,1,0,C211
347,347,4/21/21 10:21,0,2,0,1,1,-119.72299,35.13051497,NA,NA,AC02PN14,C,S,N,1,C02,C02SN1,C02PN1,C02,SN,4/21/21 10:21,10,21,10.35,Spring,NA,NA,NA,NA,NA,NA,NA,0,0,C211
348,348,4/21/21 10:41,0,2,0,0,1,-119.7226716,35.13090319,NA,NA,AC02SE14,C,S,E,1,C02,C02SE1,C02SE1,C02,SE,4/21/21 10:41,10,41,10.68333333,Spring,NA,NA,NA,NA,NA,NA,NA,0,0,C201
350,350,4/21/21 11:54,0,4,1,0,1,-119.7249263,35.12218561,NA,NA,AC04PE14,C,P,E,1,C04,C04PE1,C04PE1,C04,PE,4/21/21 11:54,11,54,11.9,Spring,NA,NA,NA,NA,NA,NA,NA,0,0,C401
351,351,4/21/21 12:14,0,4,0,0,1,-119.724714,35.1218074,NA,NA,AC04SE14,C,S,E,1,C04,C04SE1,C04SE1,C04,SE,4/21/21 12:14,12,14,12.23333333,Spring,NA,NA,NA,NA,NA,NA,NA,0,0,C401
353,353,4/21/21 13:45,0,10,1,0,1,-119.701476,35.11423216,NA,NA,AC10PE14,C,P,E,1,C10,C10PE1,C10PE1,C10,PE,4/21/21 13:45,13,45,13.75,Spring,NA,NA,NA,NA,NA,NA,NA,0,0,C1001
354,354,4/21/21 13:54,0,10,0,0,1,-119.7014153,35.11426241,NA,NA,AC10SE14,C,S,E,1,C10,C10SE1,C10SE1,C10,SE,4/21/21 13:54,13,54,13.9,Spring,NA,NA,NA,NA,NA,NA,NA,0,0,C1001
358,358,4/21/21 16:54,1,1,1,0,1,-119.6693035,35.08245118,NA,NA,AS01PE14,S,P,E,1,S01,S01PE1,S01PE1,S01,PE,4/21/21 16:54,16,54,16.9,Spring,NA,NA,NA,NA,NA,NA,NA,0,0,S101
359,359,4/21/21 17:06,1,1,0,0,1,-119.6692839,35.08246879,NA,NA,AS01SE14,S,S,E,1,S01,S01SE1,S01SE1,S01,SE,4/21/21 17:06,17,6,17.1,Spring,NA,NA,NA,NA,NA,NA,NA,0,0,S101
360,360,4/22/21 8:26,1,5,1,1,1,-119.6803809,35.08381932,NA,NA,AS05PN14,S,P,N,1,S05,S05PN1,S05PN1,S05,PN,4/22/21 8:26,8,26,8.433333333,Spring,NA,NA,NA,NA,NA,NA,36.03,1,0,S511
361,361,4/22/21 8:49,1,5,0,1,1,-119.6802974,35.08218187,NA,NA,AS05SN14,S,S,N,1,S05,S05SN1,S05SN1,S05,SN,4/22/21 8:49,8,49,8.816666667,Spring,NA,NA,NA,NA,NA,NA,NA,0,0,S511
362,362,4/22/21 9:05,1,5,0,0,1,-119.6807346,35.08221517,NA,NA,AS05SE14,S,S,E,1,S05,S05SE1,S05SE1,S05,SE,4/22/21 9:05,9,5,9.083333333,Spring,NA,NA,NA,NA,NA,NA,NA,0,0,S501
364,364,4/22/21 9:56,1,2,1,0,1,-119.6743708,35.08460265,NA,NA,AS02PE14,S,P,E,1,S02,S02PE1,S02PE1,S02,PE,4/22/21 9:56,9,56,9.933333333,Spring,NA,NA,NA,NA,NA,NA,NA,0,0,S201
365,365,4/22/21 10:14,1,2,0,0,1,-119.6748002,35.08415087,NA,NA,AS02SE14,S,S,E,1,S02,S02SE1,S02SE1,S02,SE,4/22/21 10:14,10,14,10.23333333,Spring,NA,NA,NA,NA,NA,NA,NA,0,0,S201
377,377,4/20/21 13:47,0,6,1,0,1,-119.7475458,35.11453835,NA,NA,AC06PE14,C,P,E,1,C06,C06PE1,C06PE1,C06,PE,4/20/21 13:47,13,47,13.78333333,Spring,NA,NA,NA,NA,NA,NA,NA,0,0,C601
378,378,4/20/21 14:51,0,8,0,1,1,-119.729769,35.11306696,NA,NA,AC08SN14,C,S,N,1,C08,C08SN1,C08SN1,C08,SN,4/20/21 14:51,14,51,14.85,Spring,NA,NA,NA,NA,NA,NA,NA,0,0,C811
379,379,4/20/21 15:55,0,7,1,1,1,-119.7328116,35.10880071,NA,NA,AC07PN14,C,P,N,1,C07,C07PN1,C07PN1,C07,PN,4/20/21 15:55,15,55,15.91666667,Spring,NA,NA,NA,NA,39.53,NA,NA,1,0,C711
381,381,4/20/21 16:36,0,7,0,0,1,-119.7322485,35.10831569,NA,NA,AC07SE14,C,S,E,1,C07,C07SE1,C07SE1,C07,SE,4/20/21 16:36,16,36,16.6,Spring,NA,NA,NA,NA,NA,NA,NA,0,0,C701
383,383,4/21/21 10:26,0,2,1,0,1,-119.7226224,35.13081797,NA,NA,AC02PE14,C,P,E,1,C02,C02PE1,C02PE1,C02,PE,4/21/21 10:26,10,26,10.43333333,Spring,NA,NA,NA,NA,NA,NA,NA,0,0,C201
384,384,4/21/21 11:22,0,4,1,1,1,-119.7242392,35.12222962,NA,NA,AC04PN14,C,P,N,1,C04,C04PN1,C04PN1,C04,PN,4/21/21 11:22,11,22,11.36666667,Spring,NA,NA,NA,NA,NA,NA,NA,0,0,C411
385,385,4/21/21 11:30,0,4,0,1,1,-119.7242543,35.12227227,NA,NA,AC04SN14,C,S,N,1,C04,C04SN1,C04SN1,C04,SN,4/21/21 11:30,11,30,11.5,Spring,NA,NA,NA,NA,NA,NA,NA,0,0,C411
386,386,4/21/21 13:09,0,10,1,1,1,-119.701232,35.11467272,NA,NA,AC10PN14,C,P,N,1,C10,C10PN1,C10PN1,C10,PN,4/21/21 13:09,13,9,13.15,Spring,NA,NA,NA,36.34,38.99,37.41,39.96,4,1,C1011
387,387,4/21/21 13:18,0,10,0,1,1,-119.7012055,35.1145965,NA,NA,AC10SN14,C,S,N,1,C10,C10SN1,C10SN1,C10,SN,4/21/21 13:18,13,18,13.3,Spring,NA,NA,NA,NA,NA,NA,NA,0,0,C1011
391,391,4/21/21 16:39,1,1,1,1,1,-119.6694763,35.08286182,NA,NA,AS01PN14,S,P,N,1,S01,S01PN1,S01PN1,S01,PN,4/21/21 16:39,16,39,16.65,Spring,NA,NA,NA,NA,NA,NA,NA,0,0,S111
392,392,4/21/21 16:49,1,1,0,1,1,-119.6695707,35.08290121,NA,NA,AS01SN14,S,S,N,1,S01,S01SN1,S01SN1,S01,SN,4/21/21 16:49,16,49,16.81666667,Spring,NA,NA,NA,NA,NA,NA,NA,0,0,S111
394,394,4/22/21 8:53,1,5,1,0,1,-119.6807534,35.08219474,NA,NA,AS05PE14,S,P,E,1,S05,S05PE1,S05PE1,S05,PE,4/22/21 8:53,8,53,8.883333333,Spring,NA,NA,NA,NA,NA,NA,NA,0,0,S501
395,395,4/22/21 9:49,1,2,1,1,1,-119.6752519,35.08399229,NA,NA,AS02SN14,S,P,N,1,S02,S02PN1,S02SN1,S02,PN,4/22/21 9:49,9,49,9.816666667,Spring,NA,NA,NA,NA,NA,NA,NA,0,0,S211
396,396,4/22/21 9:55,1,2,0,1,1,-119.6753931,35.08397755,NA,NA,AS02PN14,S,S,N,1,S02,S02SN1,S02PN1,S02,SN,4/22/21 9:55,9,55,9.916666667,Spring,NA,NA,NA,NA,NA,NA,NA,0,0,S211
401,401,4/19/21 16:55,1,7,0,0,1,-119.6549475,35.08328973,NA,NA,AS07SN15,S,S,E,1,S07,S07SE1,S07SN1,S07,SE,4/19/21 16:55,16,55,16.91666667,Spring,NA,NA,NA,NA,NA,NA,NA,0,0,S701
402,402,4/19/21 17:05,1,7,1,0,1,-119.655221,35.06577047,NA,NA,AS07PE15,S,P,E,1,S07,S07PE1,S07PE1,S07,PE,4/19/21 17:05,17,5,17.08333333,Spring,NA,NA,NA,NA,NA,NA,NA,0,0,S701
403,403,4/19/21 11:10,1,8,1,0,1,-119.6802852,35.05927597,NA,NA,AS08PE15,S,P,E,1,S08,S08PE1,S08PE1,S08,PE,4/19/21 11:10,11,10,11.16666667,Spring,NA,NA,NA,NA,NA,NA,NA,0,0,S801
404,404,4/19/21 11:39,1,8,0,0,1,-119.6800302,35.0587963,NA,NA,AS08SE15,S,S,E,1,S08,S08SE1,S08SE1,S08,SE,4/19/21 11:39,11,39,11.65,Spring,NA,NA,NA,NA,NA,NA,NA,0,0,S801
406,406,4/19/21 14:38,1,10,0,0,1,-119.480762,34.98586131,NA,NA,AS10SE15,S,S,E,1,S10,S10SE1,S10SE1,S10,SE,4/19/21 14:38,14,38,14.63333333,Spring,NA,NA,NA,NA,NA,NA,NA,0,0,S1001
409,409,4/19/21 14:08,1,10,1,1,1,-119.6921527,35.06498,NA,NA,AEX01,S,P,N,1,S10,S10PN1,EX01,EX0,PN,4/19/21 14:08,14,8,14.13333333,Spring,NA,NA,NA,39.58,38.38,NA,35.77,3,1,S1011
410,410,4/19/21 14:26,1,10,0,1,1,-119.6921896,35.06494627,NA,NA,AS10SN15,S,S,N,1,S10,S10SN1,S10SN1,S10,SN,4/19/21 14:26,14,26,14.43333333,Spring,NA,NA,NA,34.3,35.34,35.08,36.19,4,1,S1011
411,411,4/19/21 12:34,1,9,1,1,1,-119.6857639,35.06167467,NA,NA,AS09PN15,S,P,N,1,S09,S09PN1,S09PN1,S09,PN,4/19/21 12:34,12,34,12.56666667,Spring,NA,NA,NA,36.04,NA,37.23,35.81,3,1,S911
412,412,4/19/21 12:49,1,9,0,1,1,-119.6858767,35.06172396,NA,NA,AS09SN15,S,S,N,1,S09,S09SN1,S09SN1,S09,SN,4/19/21 12:49,12,49,12.81666667,Spring,NA,NA,NA,NA,NA,NA,NA,0,0,S911
413,413,4/19/21 12:59,1,9,1,0,1,-119.6859942,35.06130704,NA,NA,AS09PE15,S,P,E,1,S09,S09PE1,S09PE1,S09,PE,4/19/21 12:59,12,59,12.98333333,Spring,NA,NA,NA,NA,NA,NA,NA,0,0,S901
414,414,4/19/21 13:07,1,9,0,0,1,-119.6860301,35.06126718,NA,NA,AS09SE15,S,S,E,1,S09,S09SE1,S09SE1,S09,SE,4/19/21 13:07,13,7,13.11666667,Spring,NA,NA,NA,NA,NA,NA,NA,0,0,S901
416,416,4/19/21 10:20,1,8,1,1,1,-119.6803251,35.05925036,NA,NA,AS08PN15,S,P,N,1,S08,S08PN1,S08PN1,S08,PN,4/19/21 10:20,10,20,10.33333333,Spring,NA,NA,NA,33.13,33.51,33.57,33.07,4,1,S811
417,417,4/19/21 10:42,1,8,0,1,1,-119.6803061,35.0592554,NA,NA,AS08SN15,S,S,N,1,S08,S08SN1,S08SN1,S08,SN,4/19/21 10:42,10,42,10.7,Spring,NA,NA,NA,NA,NA,NA,NA,0,0,S811
418,418,4/19/21 14:38,1,10,1,0,1,-119.6926353,35.0647591,NA,NA,AS10PE15,S,P,E,1,S10,S10PE1,S10PE1,S10,PE,4/19/21 14:38,14,38,14.63333333,Spring,NA,NA,NA,NA,NA,NA,NA,0,0,S1001
419,419,4/19/21 15:52,1,7,1,1,1,-119.6555894,35.08361336,NA,NA,AS07PN15,S,P,N,1,S07,S07PN1,S07PN1,S07,PN,4/19/21 15:52,15,52,15.86666667,Spring,NA,NA,NA,NA,NA,NA,NA,0,0,S711
420,420,4/19/21 16:10,1,7,0,1,1,-119.6556631,35.08355597,NA,NA,AS07SE15,S,S,N,1,S07,S07SN1,S07SE1,S07,SN,4/19/21 16:10,16,10,16.16666667,Spring,NA,NA,NA,34.42,36.15,35.67,NA,3,1,S711
421,421,4/20/21 8:54,0,1,1,1,1,-119.7464592,35.13335429,NA,NA,AC01PN15,C,P,N,1,C01,C01PN1,C01PN1,C01,PN,4/20/21 8:54,8,54,8.9,Spring,NA,NA,NA,NA,NA,NA,NA,0,0,C111
422,422,4/20/21 9:19,0,1,0,1,1,-119.7465261,35.13336847,NA,NA,AC01SN15,C,S,N,1,C01,C01SN1,C01SN1,C01,SN,4/20/21 9:19,9,19,9.316666667,Spring,NA,NA,NA,NA,NA,NA,NA,0,0,C111
423,423,4/20/21 9:36,0,1,1,0,1,-119.7465626,35.13333827,NA,NA,AC01PE15,C,P,E,1,C01,C01PE1,C01PE1,C01,PE,4/20/21 9:36,9,36,9.6,Spring,NA,NA,NA,NA,NA,NA,NA,0,0,C101
424,424,4/20/21 11:58,0,5,1,1,1,-119.7390416,35.12009123,NA,NA,AC05PN15,C,P,N,1,C05,C05PN1,C05PN1,C05,PN,4/20/21 11:58,11,58,11.96666667,Spring,NA,NA,NA,34.1,34.11,34.36,37.6,4,1,C511
425,425,4/20/21 12:07,0,5,0,1,1,-119.7390459,35.12011426,NA,NA,AC05SN15,C,S,N,1,C05,C05SN1,C05SN1,C05,SN,4/20/21 12:07,12,7,12.11666667,Spring,NA,NA,NA,NA,NA,NA,NA,0,0,C511
426,426,4/20/21 12:18,0,5,1,0,1,-119.7388057,35.11962447,NA,NA,AC05PE15,C,P,E,1,C05,C05PE1,C05PE1,C05,PE,4/20/21 12:18,12,18,12.3,Spring,NA,NA,NA,NA,NA,NA,NA,0,0,C501
427,427,4/20/21 12:30,0,5,0,0,1,-119.7387258,35.11962593,NA,NA,AC05SE15,C,S,E,1,C05,C05SE1,C05SE1,C05,SE,4/20/21 12:30,12,30,12.5,Spring,NA,NA,NA,NA,NA,NA,NA,0,0,C501
429,429,4/20/21 15:06,0,8,1,0,1,-119.7303208,35.11330633,NA,NA,AC08PE15,C,P,E,1,C08,C08PE1,C08PE1,C08,PE,4/20/21 15:06,15,6,15.1,Spring,NA,NA,NA,NA,NA,NA,NA,0,0,C801
430,430,4/20/21 15:12,0,8,0,0,1,-119.7303044,35.11333615,NA,NA,AC08SE15,C,S,E,1,C08,C08SE1,C08SE1,C08,SE,4/20/21 15:12,15,12,15.2,Spring,NA,NA,NA,NA,NA,NA,NA,0,0,C801
431,431,4/20/21 16:02,0,7,0,1,1,-119.7328044,35.10881524,NA,NA,AC07SN15,C,S,N,1,C07,C07SN1,C07SN1,C07,SN,4/20/21 16:02,16,2,16.03333333,Spring,NA,NA,NA,NA,NA,NA,NA,0,0,C711
432,432,4/20/21 16:26,0,7,1,0,1,-119.7322054,35.10828516,NA,NA,AC07PE15,C,P,E,1,C07,C07PE1,C07PE1,C07,PE,4/20/21 16:26,16,26,16.43333333,Spring,NA,NA,NA,NA,NA,NA,NA,0,0,C701
434,434,4/20/21 9:33,0,1,0,0,1,-119.7461097,35.13267475,NA,NA,AC01SE15,C,S,E,1,C01,C01SE1,C01SE1,C01,SE,4/20/21 9:33,9,33,9.55,Spring,NA,NA,NA,NA,NA,NA,NA,0,0,C101
437,437,4/20/21 13:35,0,6,0,1,1,-119.7484989,35.11545547,NA,NA,AC06SN15,C,S,N,1,C06,C06SN1,C06SN1,C06,SN,4/20/21 13:35,13,35,13.58333333,Spring,NA,NA,NA,NA,NA,NA,NA,0,0,C611
438,438,4/20/21 13:40,0,6,1,1,1,-119.7481216,35.08300489,NA,NA,AC06PN15,C,P,N,1,C06,C06PN1,C06PN1,C06,PN,4/20/21 13:40,13,40,13.66666667,Spring,NA,NA,NA,NA,NA,NA,NA,0,0,C611
439,439,4/20/21 13:55,0,6,0,0,1,-119.7480654,35.11496663,NA,NA,AC06SE15,C,S,E,1,C06,C06SE1,C06SE1,C06,SE,4/20/21 13:55,13,55,13.91666667,Spring,NA,NA,NA,NA,NA,NA,NA,0,0,C601
440,440,4/20/21 14:46,0,8,1,1,1,-119.7311212,35.11667308,NA,NA,AC08PN15,C,P,N,1,C08,C08PN1,C08PN1,C08,PN,4/20/21 14:46,14,46,14.76666667,Spring,NA,NA,NA,NA,36.89,NA,36.13,2,0,C811
441,441,4/21/21 8:25,1,6,1,1,1,-119.6600529,35.08097156,NA,NA,AS06PN15,S,P,N,1,S06,S06PN1,S06PN1,S06,PN,4/21/21 8:25,8,25,8.416666667,Spring,NA,NA,NA,NA,NA,NA,NA,0,0,S611
442,442,4/21/21 8:36,1,6,0,1,1,-119.6600839,35.08096151,NA,NA,AS06SN15,S,S,N,1,S06,S06SN1,S06SN1,S06,SN,4/21/21 8:36,8,36,8.6,Spring,NA,NA,NA,NA,NA,NA,NA,0,0,S611
444,444,4/21/21 8:57,1,6,1,0,1,-119.6595725,35.0814153,NA,NA,AS06PE15,S,P,E,1,S06,S06PE1,S06PE1,S06,PE,4/21/21 8:57,8,57,8.95,Spring,NA,NA,NA,NA,NA,NA,NA,0,0,S601
445,445,4/21/21 9:06,1,6,0,0,1,-119.659586,35.08134149,NA,NA,AS06SE15,S,S,E,1,S06,S06SE1,S06SE1,S06,SE,4/21/21 9:06,9,6,9.1,Spring,NA,NA,NA,NA,NA,NA,NA,0,0,S601
446,446,4/21/21 10:04,0,2,1,1,1,-119.7284223,35.1303838,NA,NA,AC02SN15,C,P,N,1,C02,C02PN1,C02SN1,C02,PN,4/21/21 10:04,10,4,10.06666667,Spring,NA,NA,NA,NA,NA,NA,NA,0,0,C211
447,447,4/21/21 10:21,0,2,0,1,1,-119.72299,35.13051497,NA,NA,AC02PN15,C,S,N,1,C02,C02SN1,C02PN1,C02,SN,4/21/21 10:21,10,21,10.35,Spring,NA,NA,NA,NA,NA,NA,NA,0,0,C211
448,448,4/21/21 10:41,0,2,0,0,1,-119.7226716,35.13090319,NA,NA,AC02SE15,C,S,E,1,C02,C02SE1,C02SE1,C02,SE,4/21/21 10:41,10,41,10.68333333,Spring,NA,NA,NA,NA,NA,NA,NA,0,0,C201
451,451,4/21/21 12:14,0,4,0,0,1,-119.724714,35.1218074,NA,NA,AC04SE15,C,S,E,1,C04,C04SE1,C04SE1,C04,SE,4/21/21 12:14,12,14,12.23333333,Spring,NA,NA,NA,NA,NA,NA,NA,0,0,C401
453,453,4/21/21 13:45,0,10,1,0,1,-119.701476,35.11423216,NA,NA,AC10PE15,C,P,E,1,C10,C10PE1,C10PE1,C10,PE,4/21/21 13:45,13,45,13.75,Spring,NA,NA,NA,NA,NA,NA,NA,0,0,C1001
454,454,4/21/21 13:54,0,10,0,0,1,-119.7014153,35.11426241,NA,NA,AC10SE15,C,S,E,1,C10,C10SE1,C10SE1,C10,SE,4/21/21 13:54,13,54,13.9,Spring,NA,NA,NA,NA,NA,NA,NA,0,0,C1001
458,458,4/21/21 16:54,1,1,1,0,1,-119.6693035,35.08245118,NA,NA,AS01PE15,S,P,E,1,S01,S01PE1,S01PE1,S01,PE,4/21/21 16:54,16,54,16.9,Spring,NA,NA,NA,NA,NA,NA,NA,0,0,S101
459,459,4/21/21 17:06,1,1,0,0,1,-119.6692839,35.08246879,NA,NA,AS01SE15,S,S,E,1,S01,S01SE1,S01SE1,S01,SE,4/21/21 17:06,17,6,17.1,Spring,NA,NA,NA,NA,NA,NA,NA,0,0,S101
460,460,4/22/21 8:26,1,5,1,1,1,-119.6803809,35.08381932,NA,NA,AS05PN15,S,P,N,1,S05,S05PN1,S05PN1,S05,PN,4/22/21 8:26,8,26,8.433333333,Spring,NA,NA,NA,36.79,NA,36.95,NA,2,0,S511
461,461,4/22/21 8:49,1,5,0,1,1,-119.6802974,35.08218187,NA,NA,AS05SN15,S,S,N,1,S05,S05SN1,S05SN1,S05,SN,4/22/21 8:49,8,49,8.816666667,Spring,NA,NA,NA,NA,NA,NA,NA,0,0,S511
462,462,4/22/21 9:05,1,5,0,0,1,-119.6807346,35.08221517,NA,NA,AS05SE15,S,S,E,1,S05,S05SE1,S05SE1,S05,SE,4/22/21 9:05,9,5,9.083333333,Spring,NA,NA,NA,NA,NA,NA,NA,0,0,S501
464,464,4/22/21 9:56,1,2,1,0,1,-119.6743708,35.08460265,NA,NA,AS02PE15,S,P,E,1,S02,S02PE1,S02PE1,S02,PE,4/22/21 9:56,9,56,9.933333333,Spring,NA,NA,NA,NA,NA,NA,NA,0,0,S201
465,465,4/22/21 10:14,1,2,0,0,1,-119.6748002,35.08415087,NA,NA,AS02SE15,S,S,E,1,S02,S02SE1,S02SE1,S02,SE,4/22/21 10:14,10,14,10.23333333,Spring,NA,NA,NA,NA,NA,NA,NA,0,0,S201
477,477,4/20/21 13:47,0,6,1,0,1,-119.7475458,35.11453835,NA,NA,AC06PE15,C,P,E,1,C06,C06PE1,C06PE1,C06,PE,4/20/21 13:47,13,47,13.78333333,Spring,NA,NA,NA,NA,NA,NA,NA,0,0,C601
478,478,4/20/21 14:51,0,8,0,1,1,-119.729769,35.11306696,NA,NA,AC08SN15,C,S,N,1,C08,C08SN1,C08SN1,C08,SN,4/20/21 14:51,14,51,14.85,Spring,NA,NA,NA,NA,NA,NA,NA,0,0,C811
479,479,4/20/21 15:55,0,7,1,1,1,-119.7328116,35.10880071,NA,NA,AC07PN15,C,P,N,1,C07,C07PN1,C07PN1,C07,PN,4/20/21 15:55,15,55,15.91666667,Spring,NA,NA,NA,34.63,34.58,34.62,34.33,4,1,C711
481,481,4/20/21 16:36,0,7,0,0,1,-119.7322485,35.10831569,NA,NA,AC07SE15,C,S,E,1,C07,C07SE1,C07SE1,C07,SE,4/20/21 16:36,16,36,16.6,Spring,NA,NA,NA,NA,NA,NA,NA,0,0,C701
483,483,4/21/21 10:26,0,2,1,0,1,-119.7226224,35.13081797,NA,NA,AC02PE15,C,P,E,1,C02,C02PE1,C02PE1,C02,PE,4/21/21 10:26,10,26,10.43333333,Spring,NA,NA,NA,NA,NA,NA,NA,0,0,C201
484,484,4/21/21 11:22,0,4,1,1,1,-119.7242392,35.12222962,NA,NA,AC04PN15,C,P,N,1,C04,C04PN1,C04PN1,C04,PN,4/21/21 11:22,11,22,11.36666667,Spring,NA,NA,NA,NA,NA,NA,NA,0,0,C411
485,485,4/21/21 11:30,0,4,0,1,1,-119.7242543,35.12227227,NA,NA,AC04SN15,C,S,N,1,C04,C04SN1,C04SN1,C04,SN,4/21/21 11:30,11,30,11.5,Spring,NA,NA,NA,34.41,35.84,34.38,36.86,4,1,C411
486,486,4/21/21 13:09,0,10,1,1,1,-119.701232,35.11467272,NA,NA,AC10PN15,C,P,N,1,C10,C10PN1,C10PN1,C10,PN,4/21/21 13:09,13,9,13.15,Spring,NA,NA,NA,34.46,34.87,34.04,34.95,4,1,C1011
487,487,4/21/21 13:18,0,10,0,1,1,-119.7012055,35.1145965,NA,NA,AC10SN15,C,S,N,1,C10,C10SN1,C10SN1,C10,SN,4/21/21 13:18,13,18,13.3,Spring,NA,NA,NA,NA,NA,NA,NA,0,0,C1011
491,491,4/21/21 16:39,1,1,1,1,1,-119.6694763,35.08286182,NA,NA,AS01PN15,S,P,N,1,S01,S01PN1,S01PN1,S01,PN,4/21/21 16:39,16,39,16.65,Spring,NA,NA,NA,NA,NA,NA,NA,0,0,S111
492,492,4/21/21 16:49,1,1,0,1,1,-119.6695707,35.08290121,NA,NA,AS01SN15,S,S,N,1,S01,S01SN1,S01SN1,S01,SN,4/21/21 16:49,16,49,16.81666667,Spring,NA,NA,NA,NA,NA,NA,NA,0,0,S111
494,494,4/22/21 8:53,1,5,1,0,1,-119.6807534,35.08219474,NA,NA,AS05PE15,S,P,E,1,S05,S05PE1,S05PE1,S05,PE,4/22/21 8:53,8,53,8.883333333,Spring,NA,NA,NA,NA,NA,NA,NA,0,0,S501
495,495,4/22/21 9:49,1,2,1,1,1,-119.6752519,35.08399229,NA,NA,AS02SN15,S,P,N,1,S02,S02PN1,S02SN1,S02,PN,4/22/21 9:49,9,49,9.816666667,Spring,NA,NA,NA,30.32,31.34,31.46,31.43,4,1,S211
496,496,4/22/21 9:55,1,2,0,1,1,-119.6753931,35.08397755,NA,NA,AS02PN15,S,S,N,1,S02,S02SN1,S02PN1,S02,SN,4/22/21 9:55,9,55,9.916666667,Spring,NA,NA,NA,NA,NA,NA,NA,0,0,S211